{
  // IntelliSense를 사용하여 가능한 특성에 대해 알아보세요.
  // 기존 특성에 대한 설명을 보려면 가리킵니다.
  // 자세한 내용을 보려면 https://go.microsoft.com/fwlink/?linkid=830387을(를) 방문하세요.
  "version": "0.2.0",
  "configurations": [
    {
      "name": "Book dev",
      "type": "dart",
      "request": "launch",
      "flutterMode": "debug",
      "program": "lib/core/main.dart",
      "args": [
        "-t",
        "lib/core/main.dart",
        "--flavor",
        "dev",
        "--dart-define",
        "KAKAO_REST_API_KEY=62e581cf2e9aeb54aa578bb83dde63e6",
        "--dart-define",
        "ANDROID_GOOGLE_MAP_API_KEY=AIzaSyAtPgThMqfj28fnCT3HDS7DotN5O7ncdac",
        "--dart-define",
        "IOS_GOOGLE_MAP_API_KEY=AIzaSyC3edUheY3MnzBKFmRYGJcK_stw2XWTGSc"
      ]
    },
    {
      "name": "Book product",
      "type": "dart",
      "request": "launch",
      "flutterMode": "release",
      "program": "lib/core/main.dart",
      "args": [
        "-t",
        "lib/core/main.dart",
        "--flavor",
        "product",
        "--dart-define",
        "KAKAO_REST_API_KEY=62e581cf2e9aeb54aa578bb83dde63e6",
        "--dart-define",
        "ANDROID_GOOGLE_MAP_API_KEY=AIzaSyAtPgThMqfj28fnCT3HDS7DotN5O7ncdac",
        "--dart-define",
        "IOS_GOOGLE_MAP_API_KEY=AIzaSyC3edUheY3MnzBKFmRYGJcK_stw2XWTGSc"
      ]
    },
    {
      "name": "Bookand.Application",
      "request": "launch",
      "type": "dart"
    },
    {
      "name": "Bookand.Application (profile mode)",
      "request": "launch",
      "type": "dart",
      "flutterMode": "profile"
    },
    {
      "name": "Bookand.Application (release mode)",
      "request": "launch",
      "type": "dart",
      "flutterMode": "release"
    }
  ]
}
